<?xml version="1.0" encoding="UTF-8"?>
<xml-tables>
<Play_Areas-table>
<Play_Areas>
<Name>Racecourse Park</Name>
<Address1>Red Arches Road</Address1>
<Address2>Baldoyle</Address2>
<Address3>Dublin 13</Address3>
<Address4></Address4>
<Phone>+353 1 8905649</Phone>
<Email>parks@fingalcoco.ie</Email>
<Website></Website>
<Type>Playground</Type>
<Category>Neighbourhood</Category>
<Opening_Hours></Opening_Hours>
<Directions>No information on website</Directions>
<Surface_Type>Rubber wet pour</Surface_Type>
<Comments></Comments>
<Accessible_Play_Items></Accessible_Play_Items>
<Disabled_Parking>No</Disabled_Parking>
<Park_Ranger></Park_Ranger>
<Toilets>No</Toilets>
<Disabled_Toilets>No</Disabled_Toilets>
<Baby_Changing>No</Baby_Changing>
<Seating></Seating>
<Drinking_Water>No</Drinking_Water>
<LAT>53.3997453972895</LAT>
<LONG>-6.13696545839269</LONG>
</Play_Areas>
<Play_Areas>
<Name>Moyclare</Name>
<Address1>Moyclare Road</Address1>
<Address2>Baldoyle</Address2>
<Address3>Dublin 13</Address3>
<Address4></Address4>
<Phone>+353 1 8905649</Phone>
<Email>parks@fingalcoco.ie</Email>
<Website></Website>
<Type>Playground</Type>
<Category>Local</Category>
<Opening_Hours>November to January: 10.00am - 5.00pm February to March  10.00am - 6.00pm April    10.00am - 7.00pm   May    10.00am - 8.00pm June to August  10.00am  - 9.00pm September   10.00am - 8.00pm October    10.00am - 7.00pm</Opening_Hours>
<Directions>No information on website</Directions>
<Surface_Type>Rubber wet pour</Surface_Type>
<Comments>open</Comments>
<Accessible_Play_Items>None</Accessible_Play_Items>
<Disabled_Parking>No</Disabled_Parking>
<Park_Ranger>No ranger present</Park_Ranger>
<Toilets>No</Toilets>
<Disabled_Toilets>No</Disabled_Toilets>
<Baby_Changing>No</Baby_Changing>
<Seating></Seating>
<Drinking_Water>No</Drinking_Water>
<LAT>53.3929088714769</LAT>
<LONG>-6.12830715497346</LONG>
</Play_Areas>
<Play_Areas>
<Name>Ardgillan Demesne</Name>
<Address1>Balbriggan</Address1>
<Address2>Co. Dublin</Address2>
<Address3></Address3>
<Address4></Address4>
<Phone>+353 1 8905649</Phone>
<Email>parks@fingalcoco.ie</Email>
<Website></Website>
<Type>Playground</Type>
<Category>Regional</Category>
<Opening_Hours>November to January: 10.00am - 5.00pm February to March  10.00am - 6.00pm April    10.00am - 7.00pm   May    10.00am - 8.00pm June to August  10.00am  - 9.00pm September   10.00am - 8.00pm October    10.00am - 7.00pm</Opening_Hours>
<Directions>The Park is located between Skerries and Balbriggan.By Car: Signposted from the M1/N1 Dublin-Belfast road to Balbriggan. By Bus: Bus 33 from Eden Quay in  Dublin city centre.  The bus passes under Ladies Stairs footbridge entrance to the park 3.5 Km north of Skerries. By Train: 4 Km walk from Balbriggan Station on the Dublin to Drogheda line.</Directions>
<Surface_Type>Rubber wet pour</Surface_Type>
<Comments>subject to opening times of park</Comments>
<Accessible_Play_Items>Accessible Cradle Swing</Accessible_Play_Items>
<Disabled_Parking>Yes</Disabled_Parking>
<Park_Ranger>Ranger present</Park_Ranger>
<Toilets>Yes</Toilets>
<Disabled_Toilets>Yes</Disabled_Toilets>
<Baby_Changing>Yes</Baby_Changing>
<Seating>Yes</Seating>
<Drinking_Water>Yes</Drinking_Water>
<LAT>53.585122768459</LAT>
<LONG>-6.15669152189597</LONG>
</Play_Areas>
<Play_Areas>
<Name>Balheary</Name>
<Address1>Balheary Road</Address1>
<Address2>Swords</Address2>
<Address3>Co. Dublin</Address3>
<Address4></Address4>
<Phone>+353 1 8905649</Phone>
<Email>parks@fingalcoco.ie</Email>
<Website></Website>
<Type>Multi Use Games Area</Type>
<Category>Local</Category>
<Opening_Hours>November to January: 10.00am - 5.00pm February to March  10.00am - 6.00pm April    10.00am - 7.00pm   May    10.00am - 8.00pm June to August  10.00am  - 9.00pm September   10.00am - 8.00pm October    10.00am - 7.00pm</Opening_Hours>
<Directions>No information on website</Directions>
<Surface_Type>Grass Matting</Surface_Type>
<Comments>open</Comments>
<Accessible_Play_Items>None</Accessible_Play_Items>
<Disabled_Parking>No</Disabled_Parking>
<Park_Ranger>No ranger present</Park_Ranger>
<Toilets>No</Toilets>
<Disabled_Toilets>No</Disabled_Toilets>
<Baby_Changing>No</Baby_Changing>
<Seating></Seating>
<Drinking_Water>No</Drinking_Water>
<LAT>53.4658824915187</LAT>
<LONG>-6.21864240950539</LONG>
</Play_Areas>
<Play_Areas>
<Name>Balheary</Name>
<Address1>Balheary Road</Address1>
<Address2>Swords</Address2>
<Address3>Co. Dublin</Address3>
<Address4></Address4>
<Phone>+353 1 8905649</Phone>
<Email>parks@fingalcoco.ie</Email>
<Website></Website>
<Type>Skatepark</Type>
<Category>Local</Category>
<Opening_Hours>November to January: 10.00am - 5.00pm February to March  10.00am - 6.00pm April    10.00am - 7.00pm   May    10.00am - 8.00pm June to August  10.00am  - 9.00pm September   10.00am - 8.00pm October    10.00am - 7.00pm</Opening_Hours>
<Directions>No information on website</Directions>
<Surface_Type>Concrete</Surface_Type>
<Comments>open</Comments>
<Accessible_Play_Items>None</Accessible_Play_Items>
<Disabled_Parking>No</Disabled_Parking>
<Park_Ranger>No ranger present</Park_Ranger>
<Toilets>No</Toilets>
<Disabled_Toilets>No</Disabled_Toilets>
<Baby_Changing>No</Baby_Changing>
<Seating></Seating>
<Drinking_Water>No</Drinking_Water>
<LAT>53.4655749609351</LAT>
<LONG>-6.21865997692204</LONG>
</Play_Areas>
<Play_Areas>
<Name>Bayside</Name>
<Address1>Bayside Park</Address1>
<Address2>Sutton</Address2>
<Address3>Dublin 13</Address3>
<Address4></Address4>
<Phone>+353 1 8905649</Phone>
<Email>parks@fingalcoco.ie</Email>
<Website></Website>
<Type>Playground</Type>
<Category>Local</Category>
<Opening_Hours>November to January: 10.00am - 5.00pm February to March  10.00am - 6.00pm April    10.00am - 7.00pm   May    10.00am - 8.00pm June to August  10.00am  - 9.00pm September   10.00am - 8.00pm October    10.00am - 7.00pm</Opening_Hours>
<Directions>No information on website</Directions>
<Surface_Type>Rubber wet pour</Surface_Type>
<Comments>open</Comments>
<Accessible_Play_Items>None</Accessible_Play_Items>
<Disabled_Parking>No</Disabled_Parking>
<Park_Ranger>No ranger present</Park_Ranger>
<Toilets>No</Toilets>
<Disabled_Toilets>No</Disabled_Toilets>
<Baby_Changing>No</Baby_Changing>
<Seating></Seating>
<Drinking_Water>No</Drinking_Water>
<LAT>53.3904336691424</LAT>
<LONG>-6.13785497776711</LONG>
</Play_Areas>
<Play_Areas>
<Name>Beechpark</Name>
<Address1>Clonsilla</Address1>
<Address2>Dublin 15</Address2>
<Address3></Address3>
<Address4></Address4>
<Phone>+353 1 8905649</Phone>
<Email>parks@fingalcoco.ie</Email>
<Website></Website>
<Type>Playground</Type>
<Category>Neighbourhood</Category>
<Opening_Hours>November to January: 10.00am - 5.00pm February to March  10.00am - 6.00pm April    10.00am - 7.00pm   May    10.00am - 8.00pm June to August  10.00am  - 9.00pm September   10.00am - 8.00pm October    10.00am - 7.00pm</Opening_Hours>
<Directions>No information on website</Directions>
<Surface_Type>Bark chip</Surface_Type>
<Comments>public</Comments>
<Accessible_Play_Items>Basket Swing</Accessible_Play_Items>
<Disabled_Parking>Yes</Disabled_Parking>
<Park_Ranger>Ranger present</Park_Ranger>
<Toilets>No</Toilets>
<Disabled_Toilets>No</Disabled_Toilets>
<Baby_Changing>No</Baby_Changing>
<Seating>Yes</Seating>
<Drinking_Water>No</Drinking_Water>
<LAT>53.3815131814221</LAT>
<LONG>-6.42514267597868</LONG>
</Play_Areas>
<Play_Areas>
<Name>Boro Court</Name>
<Address1>Forrest Road</Address1>
<Address2>Swords</Address2>
<Address3>Co. Dublin</Address3>
<Address4></Address4>
<Phone>+353 1 8905649</Phone>
<Email>parks@fingalcoco.ie</Email>
<Website></Website>
<Type>Playground</Type>
<Category>Local</Category>
<Opening_Hours>November to January: 10.00am - 5.00pm February to March  10.00am - 6.00pm April    10.00am - 7.00pm   May    10.00am - 8.00pm June to August  10.00am  - 9.00pm September   10.00am - 8.00pm October    10.00am - 7.00pm</Opening_Hours>
<Directions>No information on website</Directions>
<Surface_Type>Rubber wet pour</Surface_Type>
<Comments>open</Comments>
<Accessible_Play_Items>None</Accessible_Play_Items>
<Disabled_Parking>No</Disabled_Parking>
<Park_Ranger>No ranger present</Park_Ranger>
<Toilets>No</Toilets>
<Disabled_Toilets>No</Disabled_Toilets>
<Baby_Changing>No</Baby_Changing>
<Seating></Seating>
<Drinking_Water>No</Drinking_Water>
<LAT>53.4487292983193</LAT>
<LONG>-6.23275224524345</LONG>
</Play_Areas>
<Play_Areas>
<Name>Chapel Estate</Name>
<Address1>Chapel Close</Address1>
<Address2>Balbriggan</Address2>
<Address3>Co. Dublin</Address3>
<Address4></Address4>
<Phone>+353 1 8905649</Phone>
<Email>parks@fingalcoco.ie</Email>
<Website></Website>
<Type>Playground</Type>
<Category>Neighbourhood</Category>
<Opening_Hours>November to January: 10.00am - 5.00pm February to March  10.00am - 6.00pm April    10.00am - 7.00pm   May    10.00am - 8.00pm June to August  10.00am  - 9.00pm September   10.00am - 8.00pm October    10.00am - 7.00pm</Opening_Hours>
<Directions>No information on website</Directions>
<Surface_Type>Rubber wet pour</Surface_Type>
<Comments>open</Comments>
<Accessible_Play_Items>Basket Swing</Accessible_Play_Items>
<Disabled_Parking>No</Disabled_Parking>
<Park_Ranger>No ranger present</Park_Ranger>
<Toilets>No</Toilets>
<Disabled_Toilets>No</Disabled_Toilets>
<Baby_Changing>No</Baby_Changing>
<Seating></Seating>
<Drinking_Water>No</Drinking_Water>
<LAT>53.6125949818483</LAT>
<LONG>-6.19251197006801</LONG>
</Play_Areas>
<Play_Areas>
<Name>Collegefort</Name>
<Address1>Castleknock</Address1>
<Address2>Dublin 15</Address2>
<Address3></Address3>
<Address4></Address4>
<Phone>+353 1 8905649</Phone>
<Email>parks@fingalcoco.ie</Email>
<Website></Website>
<Type>Playground</Type>
<Category>Local</Category>
<Opening_Hours>November to January: 10.00am - 5.00pm February to March  10.00am - 6.00pm April    10.00am - 7.00pm   May    10.00am - 8.00pm June to August  10.00am  - 9.00pm September   10.00am - 8.00pm October    10.00am - 7.00pm</Opening_Hours>
<Directions>No information on website</Directions>
<Surface_Type>Rubber wet pour</Surface_Type>
<Comments>not in charge</Comments>
<Accessible_Play_Items>None</Accessible_Play_Items>
<Disabled_Parking>No</Disabled_Parking>
<Park_Ranger>No ranger present</Park_Ranger>
<Toilets>No</Toilets>
<Disabled_Toilets>No</Disabled_Toilets>
<Baby_Changing>No</Baby_Changing>
<Seating></Seating>
<Drinking_Water>No</Drinking_Water>
<LAT>53.3696784492493</LAT>
<LONG>-6.37407041671825</LONG>
</Play_Areas>
<Play_Areas>
<Name>Corduff Facilities Park</Name>
<Address1>Blackcourt Road</Address1>
<Address2>Corduff</Address2>
<Address3>Dublin 15</Address3>
<Address4></Address4>
<Phone>+353 1 8905649</Phone>
<Email>parks@fingalcoco.ie</Email>
<Website></Website>
<Type>Playground</Type>
<Category>Local</Category>
<Opening_Hours>November to January: 10.00am - 5.00pm February to March  10.00am - 6.00pm April    10.00am - 7.00pm   May    10.00am - 8.00pm June to August  10.00am  - 9.00pm September   10.00am - 8.00pm October    10.00am - 7.00pm</Opening_Hours>
<Directions>No information on website</Directions>
<Surface_Type>Rubber wet pour</Surface_Type>
<Comments>subject to sport centre hours</Comments>
<Accessible_Play_Items>Accessible Roundabout</Accessible_Play_Items>
<Disabled_Parking>Yes</Disabled_Parking>
<Park_Ranger>No ranger present</Park_Ranger>
<Toilets>No</Toilets>
<Disabled_Toilets>No</Disabled_Toilets>
<Baby_Changing>No</Baby_Changing>
<Seating></Seating>
<Drinking_Water>No</Drinking_Water>
<LAT>53.3990110572877</LAT>
<LONG>-6.37840994400289</LONG>
</Play_Areas>
<Play_Areas>
<Name>Dun Saithne</Name>
<Address1>Dun Saithne Crescent</Address1>
<Address2>Balbriggan</Address2>
<Address3>Co. Dublin</Address3>
<Address4></Address4>
<Phone>+353 1 8905649</Phone>
<Email>parks@fingalcoco.ie</Email>
<Website></Website>
<Type>Playground</Type>
<Category>Local</Category>
<Opening_Hours>November to January: 10.00am - 5.00pm February to March  10.00am - 6.00pm April    10.00am - 7.00pm   May    10.00am - 8.00pm June to August  10.00am  - 9.00pm September   10.00am - 8.00pm October    10.00am - 7.00pm</Opening_Hours>
<Directions>No information on website</Directions>
<Surface_Type>Rubber wet pour</Surface_Type>
<Comments>open</Comments>
<Accessible_Play_Items>Basket Swing</Accessible_Play_Items>
<Disabled_Parking>No</Disabled_Parking>
<Park_Ranger>No ranger present</Park_Ranger>
<Toilets>No</Toilets>
<Disabled_Toilets>No</Disabled_Toilets>
<Baby_Changing>No</Baby_Changing>
<Seating></Seating>
<Drinking_Water>No</Drinking_Water>
<LAT>53.6160901791891</LAT>
<LONG>-6.20556501545709</LONG>
</Play_Areas>
<Play_Areas>
<Name>Fortlawn</Name>
<Address1>Fortlawn Park</Address1>
<Address2>Fortlawn</Address2>
<Address3>Dublin 15</Address3>
<Address4></Address4>
<Phone>+353 1 8905649</Phone>
<Email>parks@fingalcoco.ie</Email>
<Website></Website>
<Type>Playground</Type>
<Category>Local</Category>
<Opening_Hours>November to January: 10.00am - 5.00pm February to March  10.00am - 6.00pm April    10.00am - 7.00pm   May    10.00am - 8.00pm June to August  10.00am  - 9.00pm September   10.00am - 8.00pm October    10.00am - 7.00pm</Opening_Hours>
<Directions>No information on website</Directions>
<Surface_Type>Rubber wet pour</Surface_Type>
<Comments>subject to community centre opening hours</Comments>
<Accessible_Play_Items>Basket Swing</Accessible_Play_Items>
<Disabled_Parking>Yes</Disabled_Parking>
<Park_Ranger>No ranger present</Park_Ranger>
<Toilets>No</Toilets>
<Disabled_Toilets>No</Disabled_Toilets>
<Baby_Changing>No</Baby_Changing>
<Seating></Seating>
<Drinking_Water>No</Drinking_Water>
<LAT>53.3930842700585</LAT>
<LONG>-6.40679639634376</LONG>
</Play_Areas>
<Play_Areas>
<Name>Grace O'Malley Park</Name>
<Address1>Tuckett's Lane</Address1>
<Address2>Howth</Address2>
<Address3>Dublin 13</Address3>
<Address4></Address4>
<Phone>+353 1 8905649</Phone>
<Email>parks@fingalcoco.ie</Email>
<Website></Website>
<Type>Multi Use Games Area</Type>
<Category>Local</Category>
<Opening_Hours></Opening_Hours>
<Directions>No information on website</Directions>
<Surface_Type>Grass Matting</Surface_Type>
<Comments>open</Comments>
<Accessible_Play_Items>None</Accessible_Play_Items>
<Disabled_Parking>No</Disabled_Parking>
<Park_Ranger>No ranger present</Park_Ranger>
<Toilets>No</Toilets>
<Disabled_Toilets>No</Disabled_Toilets>
<Baby_Changing>No</Baby_Changing>
<Seating>No</Seating>
<Drinking_Water>No</Drinking_Water>
<LAT>53.3837595403312</LAT>
<LONG>-6.07003103456913</LONG>
</Play_Areas>
<Play_Areas>
<Name>Barnwell</Name>
<Address1>Barnwell</Address1>
<Address2>Hansfield</Address2>
<Address3>Dublin 15</Address3>
<Address4></Address4>
<Phone>+353 1 8905649</Phone>
<Email>parks@fingalcoco.ie</Email>
<Website></Website>
<Type>Playground</Type>
<Category>Local</Category>
<Opening_Hours>November to January: 10.00am - 5.00pm February to March  10.00am - 6.00pm April    10.00am - 7.00pm   May    10.00am - 8.00pm June to August  10.00am  - 9.00pm September   10.00am - 8.00pm October    10.00am - 7.00pm</Opening_Hours>
<Directions>No information on website</Directions>
<Surface_Type>Rubber wet pour</Surface_Type>
<Comments>not in charge</Comments>
<Accessible_Play_Items>None</Accessible_Play_Items>
<Disabled_Parking>No</Disabled_Parking>
<Park_Ranger>No ranger present</Park_Ranger>
<Toilets>No</Toilets>
<Disabled_Toilets>No</Disabled_Toilets>
<Baby_Changing>No</Baby_Changing>
<Seating>Yes</Seating>
<Drinking_Water>No</Drinking_Water>
<LAT>53.3915555381301</LAT>
<LONG>-6.44473142622863</LONG>
</Play_Areas>
<Play_Areas>
<Name>Holywell</Name>
<Address1>Holywell Crescent South</Address1>
<Address2>Swords</Address2>
<Address3>Co. Dublin</Address3>
<Address4></Address4>
<Phone>+353 1 8905649</Phone>
<Email>parks@fingalcoco.ie</Email>
<Website></Website>
<Type>Playground</Type>
<Category>Neighbourhood</Category>
<Opening_Hours>November to January: 10.00am - 5.00pm February to March  10.00am - 6.00pm April    10.00am - 7.00pm   May    10.00am - 8.00pm June to August  10.00am  - 9.00pm September   10.00am - 8.00pm October    10.00am - 7.00pm</Opening_Hours>
<Directions>No information on website</Directions>
<Surface_Type>Rubber wet pour</Surface_Type>
<Comments>open</Comments>
<Accessible_Play_Items>Accessible Cradle Swing</Accessible_Play_Items>
<Disabled_Parking>No</Disabled_Parking>
<Park_Ranger>No ranger present</Park_Ranger>
<Toilets>No</Toilets>
<Disabled_Toilets>No</Disabled_Toilets>
<Baby_Changing>No</Baby_Changing>
<Seating></Seating>
<Drinking_Water>No</Drinking_Water>
<LAT>53.4424951783813</LAT>
<LONG>-6.21061924070329</LONG>
</Play_Areas>
<Play_Areas>
<Name>Holywell</Name>
<Address1>Holywell Avenue</Address1>
<Address2>Swords</Address2>
<Address3>Co. Dublin</Address3>
<Address4></Address4>
<Phone>+353 1 8905649</Phone>
<Email>parks@fingalcoco.ie</Email>
<Website></Website>
<Type>Playground</Type>
<Category>Neighbourhood</Category>
<Opening_Hours>November to January: 10.00am - 5.00pm February to March  10.00am - 6.00pm April    10.00am - 7.00pm   May    10.00am - 8.00pm June to August  10.00am  - 9.00pm September   10.00am - 8.00pm October    10.00am - 7.00pm</Opening_Hours>
<Directions>No information on website</Directions>
<Surface_Type>Rubber wet pour</Surface_Type>
<Comments>open</Comments>
<Accessible_Play_Items>Accessible Cradle Swing</Accessible_Play_Items>
<Disabled_Parking>No</Disabled_Parking>
<Park_Ranger>No ranger present</Park_Ranger>
<Toilets>No</Toilets>
<Disabled_Toilets>No</Disabled_Toilets>
<Baby_Changing>No</Baby_Changing>
<Seating></Seating>
<Drinking_Water>No</Drinking_Water>
<LAT>53.4459108525589</LAT>
<LONG>-6.21102859822644</LONG>
</Play_Areas>
<Play_Areas>
<Name>Howth Habour</Name>
<Address1>Harbour Road</Address1>
<Address2>Howth</Address2>
<Address3>Dublin 13</Address3>
<Address4></Address4>
<Phone>+353 1 8905649</Phone>
<Email>parks@fingalcoco.ie</Email>
<Website></Website>
<Type>Playground</Type>
<Category>Local</Category>
<Opening_Hours>Open Dawn to Dusk</Opening_Hours>
<Directions>By Car: The playground is located on the open space between Harbour Road and Howth Yatch club at the harbour.By bus: 31 or 31B to Howth By Train: Take DART to Howth Station and playground is five minutes from Station.</Directions>
<Surface_Type>Rubber wet pour</Surface_Type>
<Comments>open</Comments>
<Accessible_Play_Items>Basket Swing</Accessible_Play_Items>
<Disabled_Parking>Yes</Disabled_Parking>
<Park_Ranger>No ranger present</Park_Ranger>
<Toilets>No</Toilets>
<Disabled_Toilets>No</Disabled_Toilets>
<Baby_Changing>No</Baby_Changing>
<Seating></Seating>
<Drinking_Water>No</Drinking_Water>
<LAT>53.3881894394534</LAT>
<LONG>-6.06741875602162</LONG>
</Play_Areas>
<Play_Areas>
<Name>Malahide Castle</Name>
<Address1>Malahide</Address1>
<Address2>Co. Dublin</Address2>
<Address3></Address3>
<Address4></Address4>
<Phone>+353 1 8905649</Phone>
<Email>parks@fingalcoco.ie</Email>
<Website></Website>
<Type>Playground</Type>
<Category>Regional</Category>
<Opening_Hours>November to January: 10.00am - 5.00pm February to March  10.00am - 6.00pm April    10.00am - 7.00pm   May    10.00am - 8.00pm June to August  10.00am  - 9.00pm September   10.00am - 8.00pm October    10.00am - 7.00pm</Opening_Hours>
<Directions>The Park is situated within easy walking distance of the centre of Malahide Village. By Car. Sign posted from the M1/N1 Dublin-Belfast and from the main Dublin to Malahide road. By Bus: Bus 42 from Talbot Street in Dublin City Centre. By Train: 10 minute walk from Malahide Train Station on the main line from Dublin to Drogheda/Dundalk. Malahide is also served by the DART.</Directions>
<Surface_Type>Rubber wet pour</Surface_Type>
<Comments>subject to opening times of park</Comments>
<Accessible_Play_Items>Basket Swing</Accessible_Play_Items>
<Disabled_Parking>Yes</Disabled_Parking>
<Park_Ranger>Ranger present</Park_Ranger>
<Toilets>Yes</Toilets>
<Disabled_Toilets></Disabled_Toilets>
<Baby_Changing></Baby_Changing>
<Seating></Seating>
<Drinking_Water></Drinking_Water>
<LAT>53.4437210810308</LAT>
<LONG>-6.15900412838288</LONG>
</Play_Areas>
<Play_Areas>
<Name>Malahide Castle</Name>
<Address1>Malahide</Address1>
<Address2>Co. Dublin</Address2>
<Address3></Address3>
<Address4></Address4>
<Phone>+353 1 8905649</Phone>
<Email>parks@fingalcoco.ie</Email>
<Website></Website>
<Type>Outdoor Exercise Equipment</Type>
<Category>Regional</Category>
<Opening_Hours>November to January: 10.00am - 5.00pm February to March  10.00am - 6.00pm April    10.00am - 7.00pm   May    10.00am - 8.00pm June to August  10.00am  - 9.00pm September   10.00am - 8.00pm October    10.00am - 7.00pm</Opening_Hours>
<Directions>The Park is situated within easy walking distance of the centre of Malahide Village. By Car. Sign posted from the M1/N1 Dublin-Belfast and from the main Dublin to Malahide road. By Bus: Bus 42 from Talbot Street in Dublin City Centre. By Train: 10 minute walk from Malahide Train Station on the main line from Dublin to Drogheda/Dundalk. Malahide is also served by the DART.</Directions>
<Surface_Type>Bark chip</Surface_Type>
<Comments>subject to opening times of park</Comments>
<Accessible_Play_Items>None</Accessible_Play_Items>
<Disabled_Parking>Yes</Disabled_Parking>
<Park_Ranger>Ranger present</Park_Ranger>
<Toilets>Yes</Toilets>
<Disabled_Toilets></Disabled_Toilets>
<Baby_Changing></Baby_Changing>
<Seating></Seating>
<Drinking_Water></Drinking_Water>
<LAT>53.4442290048034</LAT>
<LONG>-6.1604104971803</LONG>
</Play_Areas>
<Play_Areas>
<Name>Millennium Park</Name>
<Address1>Snugborough Road Extension</Address1>
<Address2>Blanchardstown</Address2>
<Address3>Dublin 15</Address3>
<Address4></Address4>
<Phone>+353 1 8905649</Phone>
<Email>parks@fingalcoco.ie</Email>
<Website></Website>
<Type>Playground</Type>
<Category>Regional</Category>
<Opening_Hours>November to January: 10.00am - 5.00pm February to March  10.00am - 6.00pm April    10.00am - 7.00pm   May    10.00am - 8.00pm June to August  10.00am  - 9.00pm September   10.00am - 8.00pm October    10.00am - 7.00pm</Opening_Hours>
<Directions>No information on website</Directions>
<Surface_Type>Rubber &amp; Bark chip</Surface_Type>
<Comments>subject to park opening hours</Comments>
<Accessible_Play_Items>Accessible Cradle Swing</Accessible_Play_Items>
<Disabled_Parking>Yes</Disabled_Parking>
<Park_Ranger>Ranger present</Park_Ranger>
<Toilets>Yes</Toilets>
<Disabled_Toilets>Yes</Disabled_Toilets>
<Baby_Changing>Yes</Baby_Changing>
<Seating>Yes</Seating>
<Drinking_Water></Drinking_Water>
<LAT>53.3879516861439</LAT>
<LONG>-6.40022143813066</LONG>
</Play_Areas>
<Play_Areas>
<Name>Millennium Park</Name>
<Address1>Snugborough Road Extension</Address1>
<Address2>Blanchardstown</Address2>
<Address3>Dublin 15</Address3>
<Address4></Address4>
<Phone>+353 1 8905649</Phone>
<Email>parks@fingalcoco.ie</Email>
<Website></Website>
<Type>Skatepark</Type>
<Category>Regional</Category>
<Opening_Hours>November to January: 10.00am - 5.00pm February to March  10.00am - 6.00pm April    10.00am - 7.00pm   May    10.00am - 8.00pm June to August  10.00am  - 9.00pm September   10.00am - 8.00pm October    10.00am - 7.00pm</Opening_Hours>
<Directions>No information on website</Directions>
<Surface_Type>Concrete</Surface_Type>
<Comments>subject to park opening hours</Comments>
<Accessible_Play_Items>None</Accessible_Play_Items>
<Disabled_Parking>Yes</Disabled_Parking>
<Park_Ranger>Ranger present</Park_Ranger>
<Toilets>Yes</Toilets>
<Disabled_Toilets>Yes</Disabled_Toilets>
<Baby_Changing>Yes</Baby_Changing>
<Seating>No</Seating>
<Drinking_Water></Drinking_Water>
<LAT>53.3884093354699</LAT>
<LONG>-6.40012938943589</LONG>
</Play_Areas>
<Play_Areas>
<Name>Millennium Park</Name>
<Address1>Snugborough Road Extension</Address1>
<Address2>Blanchardstown</Address2>
<Address3>Dublin 15</Address3>
<Address4></Address4>
<Phone>+353 1 8905649</Phone>
<Email>parks@fingalcoco.ie</Email>
<Website></Website>
<Type>Outdoor Exercise Equipment</Type>
<Category>Regional</Category>
<Opening_Hours>November to January: 10.00am - 5.00pm February to March  10.00am - 6.00pm April    10.00am - 7.00pm   May    10.00am - 8.00pm June to August  10.00am  - 9.00pm September   10.00am - 8.00pm October    10.00am - 7.00pm</Opening_Hours>
<Directions>No information on website</Directions>
<Surface_Type>Grass</Surface_Type>
<Comments>subject to park opening hours</Comments>
<Accessible_Play_Items>None</Accessible_Play_Items>
<Disabled_Parking>Yes</Disabled_Parking>
<Park_Ranger>Ranger present</Park_Ranger>
<Toilets>Yes</Toilets>
<Disabled_Toilets>Yes</Disabled_Toilets>
<Baby_Changing>Yes</Baby_Changing>
<Seating>No</Seating>
<Drinking_Water></Drinking_Water>
<LAT>53.3864073031101</LAT>
<LONG>-6.40023254600165</LONG>
</Play_Areas>
<Play_Areas>
<Name>Millennium Park</Name>
<Address1>Snugborough Road Extension</Address1>
<Address2>Blanchardstown</Address2>
<Address3>Dublin 15</Address3>
<Address4></Address4>
<Phone>+353 1 8905649</Phone>
<Email>parks@fingalcoco.ie</Email>
<Website></Website>
<Type>Multi Use Games Area</Type>
<Category>Regional</Category>
<Opening_Hours>November to January: 10.00am - 5.00pm February to March  10.00am - 6.00pm April    10.00am - 7.00pm   May    10.00am - 8.00pm June to August  10.00am  - 9.00pm September   10.00am - 8.00pm October    10.00am - 7.00pm</Opening_Hours>
<Directions>No information on website</Directions>
<Surface_Type>Grass Matting</Surface_Type>
<Comments>subject to park opening hours</Comments>
<Accessible_Play_Items>None</Accessible_Play_Items>
<Disabled_Parking>Yes</Disabled_Parking>
<Park_Ranger>Ranger present</Park_Ranger>
<Toilets>Yes</Toilets>
<Disabled_Toilets>Yes</Disabled_Toilets>
<Baby_Changing>Yes</Baby_Changing>
<Seating>No</Seating>
<Drinking_Water></Drinking_Water>
<LAT>53.3887704615091</LAT>
<LONG>-6.40009650416818</LONG>
</Play_Areas>
<Play_Areas>
<Name>Mulhuddart Community Centre</Name>
<Address1>Church Road</Address1>
<Address2>Mulhuddart</Address2>
<Address3>Dublin 15</Address3>
<Address4></Address4>
<Phone>+353 1 8905649</Phone>
<Email>parks@fingalcoco.ie</Email>
<Website></Website>
<Type>Playground</Type>
<Category>Local</Category>
<Opening_Hours>November to January: 10.00am - 5.00pm February to March  10.00am - 6.00pm April    10.00am - 7.00pm   May    10.00am - 8.00pm June to August  10.00am  - 9.00pm September   10.00am - 8.00pm October    10.00am - 7.00pm</Opening_Hours>
<Directions>No information on website</Directions>
<Surface_Type>Rubber wet pour</Surface_Type>
<Comments>subject to community opening hours</Comments>
<Accessible_Play_Items>None</Accessible_Play_Items>
<Disabled_Parking>Yes</Disabled_Parking>
<Park_Ranger>No ranger present</Park_Ranger>
<Toilets>No</Toilets>
<Disabled_Toilets>No</Disabled_Toilets>
<Baby_Changing>No</Baby_Changing>
<Seating>No</Seating>
<Drinking_Water>No</Drinking_Water>
<LAT>53.4050401665345</LAT>
<LONG>-6.39431540875158</LONG>
</Play_Areas>
<Play_Areas>
<Name>Newbridge Demesne</Name>
<Address1>Hearse Road</Address1>
<Address2>Donabate</Address2>
<Address3>Co. Dublin</Address3>
<Address4></Address4>
<Phone>+353 1 8905649</Phone>
<Email>parks@fingalcoco.ie</Email>
<Website></Website>
<Type>Playground</Type>
<Category>Regional</Category>
<Opening_Hours>November to January: 10.00am - 5.00pm February to March  10.00am - 6.00pm April    10.00am - 7.00pm   May    10.00am - 8.00pm June to August  10.00am  - 9.00pm September   10.00am - 8.00pm October    10.00am - 7.00pm</Opening_Hours>
<Directions>The Park is situated with easy walking distance of Donabate Village. By Car. Sign posted from the M1/N1 Dublin Belfast just north of Sword. By Bus Buss 33 from Eden Quay in Dublin City Centre to Donabate village By Train: Northbound trains from Connolly or Pearse Street Stations stopping at Donabate Train Station.</Directions>
<Surface_Type>Rubber &amp; Bark chip</Surface_Type>
<Comments>subject to opening times of park</Comments>
<Accessible_Play_Items>Harness swing, DDA unit through woodland, Basket swing  &amp; DDA unit junior area</Accessible_Play_Items>
<Disabled_Parking>Yes</Disabled_Parking>
<Park_Ranger>Ranger present</Park_Ranger>
<Toilets>Yes</Toilets>
<Disabled_Toilets>Yes</Disabled_Toilets>
<Baby_Changing>Yes</Baby_Changing>
<Seating>Yes</Seating>
<Drinking_Water>Yes</Drinking_Water>
<LAT>53.4866263414596</LAT>
<LONG>-6.17342283986157</LONG>
</Play_Areas>
<Play_Areas>
<Name>Old Yellow Walls Road </Name>
<Address1>Old Yellow Walls Road</Address1>
<Address2>Malahide</Address2>
<Address3>Co. Dublin</Address3>
<Address4></Address4>
<Phone>+353 1 8905649</Phone>
<Email>parks@fingalcoco.ie</Email>
<Website></Website>
<Type>Playground</Type>
<Category>Neighbourhood</Category>
<Opening_Hours>Open Dawn to Dusk</Opening_Hours>
<Directions>By Car: Drive to Swords. The playground is located at public open space at junction of Old Yellow Walls Road and Estuary Road Malahide.  Estuary road runs from Mal/Swds road to the Seatown Road (Woodies roundabout) on R132 Swords By Pass.</Directions>
<Surface_Type>Rubber wet pour</Surface_Type>
<Comments>open</Comments>
<Accessible_Play_Items>Basket Swing</Accessible_Play_Items>
<Disabled_Parking>No</Disabled_Parking>
<Park_Ranger>No ranger present</Park_Ranger>
<Toilets>No</Toilets>
<Disabled_Toilets>No</Disabled_Toilets>
<Baby_Changing>No</Baby_Changing>
<Seating></Seating>
<Drinking_Water>No</Drinking_Water>
<LAT>53.4559363397942</LAT>
<LONG>-6.17962983025732</LONG>
</Play_Areas>
<Play_Areas>
<Name>Old Yellow Walls Road </Name>
<Address1>Old Yellow Walls Road</Address1>
<Address2>Malahide</Address2>
<Address3>Co. Dublin</Address3>
<Address4></Address4>
<Phone>+353 1 8905649</Phone>
<Email>parks@fingalcoco.ie</Email>
<Website></Website>
<Type>Multi Use Games Area</Type>
<Category>Neighbourhood</Category>
<Opening_Hours>Open Dawn to Dusk</Opening_Hours>
<Directions>By Car: Drive to Swords. The playground is located at public open space at junction of Old Yellow Walls Road and Estuary Road Malahide.  Estuary road runs from Mal/Swds road to the Seatown Road (Woodies roundabout) on R132 Swords By Pass.</Directions>
<Surface_Type>Grass Matting</Surface_Type>
<Comments>open</Comments>
<Accessible_Play_Items>None</Accessible_Play_Items>
<Disabled_Parking>No</Disabled_Parking>
<Park_Ranger>No ranger present</Park_Ranger>
<Toilets>No</Toilets>
<Disabled_Toilets>No</Disabled_Toilets>
<Baby_Changing>No</Baby_Changing>
<Seating>No</Seating>
<Drinking_Water>No</Drinking_Water>
<LAT>53.4558249253386</LAT>
<LONG>-6.17924552063077</LONG>
</Play_Areas>
<Play_Areas>
<Name>Ongar</Name>
<Address1>Ongar</Address1>
<Address2>Dublin 15</Address2>
<Address3></Address3>
<Address4></Address4>
<Phone>+353 1 8905649</Phone>
<Email>parks@fingalcoco.ie</Email>
<Website></Website>
<Type>Playground</Type>
<Category>Local</Category>
<Opening_Hours>November to January: 10.00am - 5.00pm February to March  10.00am - 6.00pm April    10.00am - 7.00pm   May    10.00am - 8.00pm June to August  10.00am  - 9.00pm September   10.00am - 8.00pm October    10.00am - 7.00pm</Opening_Hours>
<Directions>No information on website</Directions>
<Surface_Type>Rubber wet pour</Surface_Type>
<Comments>not in charge</Comments>
<Accessible_Play_Items>None</Accessible_Play_Items>
<Disabled_Parking>No</Disabled_Parking>
<Park_Ranger>No ranger present</Park_Ranger>
<Toilets>No</Toilets>
<Disabled_Toilets>No</Disabled_Toilets>
<Baby_Changing>No</Baby_Changing>
<Seating>Yes</Seating>
<Drinking_Water>No</Drinking_Water>
<LAT>53.395173790554</LAT>
<LONG>-6.43726772089225</LONG>
</Play_Areas>
<Play_Areas>
<Name>Parnell Estate</Name>
<Address1>Parnell Estate</Address1>
<Address2>Mulhuddart</Address2>
<Address3>Dublin 15</Address3>
<Address4></Address4>
<Phone>+353 1 8905649</Phone>
<Email>parks@fingalcoco.ie</Email>
<Website></Website>
<Type>Playground</Type>
<Category>Neighbourhood</Category>
<Opening_Hours>November to January: 10.00am - 5.00pm February to March  10.00am - 6.00pm April    10.00am - 7.00pm   May    10.00am - 8.00pm June to August  10.00am  - 9.00pm September   10.00am - 8.00pm October    10.00am - 7.00pm</Opening_Hours>
<Directions>No information on website</Directions>
<Surface_Type>Rubber wet pour</Surface_Type>
<Comments>public</Comments>
<Accessible_Play_Items>Accessible Cradle Swing</Accessible_Play_Items>
<Disabled_Parking>No</Disabled_Parking>
<Park_Ranger>No ranger present</Park_Ranger>
<Toilets>No</Toilets>
<Disabled_Toilets>No</Disabled_Toilets>
<Baby_Changing>No</Baby_Changing>
<Seating></Seating>
<Drinking_Water>No</Drinking_Water>
<LAT>53.4059666944493</LAT>
<LONG>-6.39831004676145</LONG>
</Play_Areas>
<Play_Areas>
<Name>Portmarnock Sports and Leisure Centre</Name>
<Address1>Blackwood Lane</Address1>
<Address2>Portmarnock</Address2>
<Address3>Co. Dublin</Address3>
<Address4></Address4>
<Phone>+353 1 8905649</Phone>
<Email>parks@fingalcoco.ie</Email>
<Website></Website>
<Type>Playground</Type>
<Category>Neighbourhood</Category>
<Opening_Hours>November to January: 10.00am - 5.00pm February to March  10.00am - 6.00pm April    10.00am - 7.00pm   May    10.00am - 8.00pm June to August  10.00am  - 9.00pm September   10.00am - 8.00pm October    10.00am - 7.00pm</Opening_Hours>
<Directions>No information on website</Directions>
<Surface_Type>Bark chip</Surface_Type>
<Comments>open</Comments>
<Accessible_Play_Items>None</Accessible_Play_Items>
<Disabled_Parking>Yes</Disabled_Parking>
<Park_Ranger>No ranger present</Park_Ranger>
<Toilets>No</Toilets>
<Disabled_Toilets>No</Disabled_Toilets>
<Baby_Changing>No</Baby_Changing>
<Seating></Seating>
<Drinking_Water>No</Drinking_Water>
<LAT>53.4336001815677</LAT>
<LONG>-6.14003068442265</LONG>
</Play_Areas>
<Play_Areas>
<Name>Red Island</Name>
<Address1>Red Island</Address1>
<Address2>Skerries Co. Dublin</Address2>
<Address3></Address3>
<Address4></Address4>
<Phone>+353 1 8905649</Phone>
<Email>parks@fingalcoco.ie</Email>
<Website></Website>
<Type>Playground</Type>
<Category>Neighbourhood</Category>
<Opening_Hours>Open Dawn to Dusk</Opening_Hours>
<Directions>By car: Drive to the Martello Tower car park located beside Skerries Harbour. By Bus: Bus 33 from Eden Quay in  Dublin city centre to Skerries village.</Directions>
<Surface_Type>Rubber wet pour</Surface_Type>
<Comments>open</Comments>
<Accessible_Play_Items>None</Accessible_Play_Items>
<Disabled_Parking>Yes</Disabled_Parking>
<Park_Ranger>No ranger present</Park_Ranger>
<Toilets>No</Toilets>
<Disabled_Toilets>No</Disabled_Toilets>
<Baby_Changing>No</Baby_Changing>
<Seating>Yes</Seating>
<Drinking_Water>No</Drinking_Water>
<LAT>53.5854884390554</LAT>
<LONG>-6.10204555538605</LONG>
</Play_Areas>
<Play_Areas>
<Name>Rivermeade</Name>
<Address1>Toberburr Avenue</Address1>
<Address2>Rivermeade</Address2>
<Address3>St. Margarets</Address3>
<Address4>Co. Dublin</Address4>
<Phone>+353 1 8905649</Phone>
<Email>parks@fingalcoco.ie</Email>
<Website></Website>
<Type>Playground</Type>
<Category>Neighbourhood</Category>
<Opening_Hours>November to January: 10.00am - 5.00pm February to March  10.00am - 6.00pm April    10.00am - 7.00pm   May    10.00am - 8.00pm June to August  10.00am  - 9.00pm September   10.00am - 8.00pm October    10.00am - 7.00pm</Opening_Hours>
<Directions>No information on website</Directions>
<Surface_Type>Rubber wet pour</Surface_Type>
<Comments>open</Comments>
<Accessible_Play_Items>Accessible Cradle Swing</Accessible_Play_Items>
<Disabled_Parking>No</Disabled_Parking>
<Park_Ranger>No ranger present</Park_Ranger>
<Toilets>No</Toilets>
<Disabled_Toilets>No</Disabled_Toilets>
<Baby_Changing>No</Baby_Changing>
<Seating>Yes</Seating>
<Drinking_Water>No</Drinking_Water>
<LAT>53.4520793789479</LAT>
<LONG>-6.29230960078408</LONG>
</Play_Areas>
<Play_Areas>
<Name>Rivermeade</Name>
<Address1>Toberburr Avenue</Address1>
<Address2>Rivermeade</Address2>
<Address3>St. Margarets</Address3>
<Address4>Co. Dublin</Address4>
<Phone>+353 1 8905649</Phone>
<Email>parks@fingalcoco.ie</Email>
<Website></Website>
<Type>Multi Use Games Area</Type>
<Category>Neighbourhood</Category>
<Opening_Hours>November to January: 10.00am - 5.00pm February to March  10.00am - 6.00pm April    10.00am - 7.00pm   May    10.00am - 8.00pm June to August  10.00am  - 9.00pm September   10.00am - 8.00pm October    10.00am - 7.00pm</Opening_Hours>
<Directions>No information on website</Directions>
<Surface_Type>Grass Matting</Surface_Type>
<Comments>open</Comments>
<Accessible_Play_Items>None</Accessible_Play_Items>
<Disabled_Parking>No</Disabled_Parking>
<Park_Ranger>No ranger present</Park_Ranger>
<Toilets>No</Toilets>
<Disabled_Toilets>No</Disabled_Toilets>
<Baby_Changing>No</Baby_Changing>
<Seating>No</Seating>
<Drinking_Water>No</Drinking_Water>
<LAT>53.4527729420856</LAT>
<LONG>-6.29354935345832</LONG>
</Play_Areas>
<Play_Areas>
<Name>Riverwood</Name>
<Address1>Riverwood Road</Address1>
<Address2>Dublin 15</Address2>
<Address3></Address3>
<Address4></Address4>
<Phone>+353 1 8905649</Phone>
<Email>parks@fingalcoco.ie</Email>
<Website></Website>
<Type>Playground</Type>
<Category>Local</Category>
<Opening_Hours>Open Dawn to Dusk</Opening_Hours>
<Directions>By Car: Drive to Diswellstown Road in Carpenterstown.  Playground is located opposite Woodbrook estate. By Bus: Take the No 37 to the terminus.  Playground is a 5-minute walk from the stop.</Directions>
<Surface_Type>Rubber wet pour</Surface_Type>
<Comments>open</Comments>
<Accessible_Play_Items>None</Accessible_Play_Items>
<Disabled_Parking>No</Disabled_Parking>
<Park_Ranger>No ranger present</Park_Ranger>
<Toilets>No</Toilets>
<Disabled_Toilets>No</Disabled_Toilets>
<Baby_Changing>No</Baby_Changing>
<Seating></Seating>
<Drinking_Water>No</Drinking_Water>
<LAT>53.3761777124148</LAT>
<LONG>-6.40088882670063</LONG>
</Play_Areas>
<Play_Areas>
<Name>Robswall</Name>
<Address1>Coast Road</Address1>
<Address2>Malahide</Address2>
<Address3>Co. Dublin</Address3>
<Address4></Address4>
<Phone>+353 1 8905649</Phone>
<Email>parks@fingalcoco.ie</Email>
<Website></Website>
<Type>Playground</Type>
<Category>Neighbourhood</Category>
<Opening_Hours>November to January: 10.00am - 5.00pm February to March  10.00am - 6.00pm April    10.00am - 7.00pm   May    10.00am - 8.00pm June to August  10.00am  - 9.00pm September   10.00am - 8.00pm October    10.00am - 7.00pm</Opening_Hours>
<Directions>No information on website</Directions>
<Surface_Type>Rubber wet pour</Surface_Type>
<Comments>open</Comments>
<Accessible_Play_Items>None</Accessible_Play_Items>
<Disabled_Parking>Yes</Disabled_Parking>
<Park_Ranger>No ranger present</Park_Ranger>
<Toilets>No</Toilets>
<Disabled_Toilets>No</Disabled_Toilets>
<Baby_Changing>No</Baby_Changing>
<Seating></Seating>
<Drinking_Water>No</Drinking_Water>
<LAT>53.4432500156888</LAT>
<LONG>-6.12547104894396</LONG>
</Play_Areas>
<Play_Areas>
<Name>Santry Demesne</Name>
<Address1>Swords Road</Address1>
<Address2>Santry</Address2>
<Address3>Dublin 9</Address3>
<Address4></Address4>
<Phone>+353 1 8905649</Phone>
<Email>parks@fingalcoco.ie</Email>
<Website></Website>
<Type>Playground</Type>
<Category>Regional</Category>
<Opening_Hours>November to January: 10.00am - 5.00pm February to March  10.00am - 6.00pm April    10.00am - 7.00pm   May    10.00am - 8.00pm June to August  10.00am  - 9.00pm September   10.00am - 8.00pm October    10.00am - 7.00pm</Opening_Hours>
<Directions>No Information on website</Directions>
<Surface_Type>Pea Gravel</Surface_Type>
<Comments>subject to opening times of park</Comments>
<Accessible_Play_Items>None</Accessible_Play_Items>
<Disabled_Parking>Yes</Disabled_Parking>
<Park_Ranger>Ranger present</Park_Ranger>
<Toilets>Yes</Toilets>
<Disabled_Toilets>Yes</Disabled_Toilets>
<Baby_Changing></Baby_Changing>
<Seating>Yes</Seating>
<Drinking_Water></Drinking_Water>
<LAT>53.3985728215095</LAT>
<LONG>-6.24751848706831</LONG>
</Play_Areas>
<Play_Areas>
<Name>Seagrange Park</Name>
<Address1>Grange Road</Address1>
<Address2>Baldoyle</Address2>
<Address3>Dublin 13</Address3>
<Address4></Address4>
<Phone>+353 1 8905649</Phone>
<Email>parks@fingalcoco.ie</Email>
<Website></Website>
<Type>Playground</Type>
<Category>Neighbourhood</Category>
<Opening_Hours>November to January: 10.00am - 5.00pm February to March  10.00am - 6.00pm April    10.00am - 7.00pm   May    10.00am - 8.00pm June to August  10.00am  - 9.00pm September   10.00am - 8.00pm October    10.00am - 7.00pm</Opening_Hours>
<Directions>No information on website</Directions>
<Surface_Type>Rubber wet pour</Surface_Type>
<Comments>open</Comments>
<Accessible_Play_Items></Accessible_Play_Items>
<Disabled_Parking>No</Disabled_Parking>
<Park_Ranger>No ranger present</Park_Ranger>
<Toilets>No</Toilets>
<Disabled_Toilets>No</Disabled_Toilets>
<Baby_Changing>No</Baby_Changing>
<Seating></Seating>
<Drinking_Water>No</Drinking_Water>
<LAT>53.3966346395643</LAT>
<LONG>-6.13470029643084</LONG>
</Play_Areas>
<Play_Areas>
<Name>Seagrange Park</Name>
<Address1>Grange Road</Address1>
<Address2>Baldoyle</Address2>
<Address3>Dublin 13</Address3>
<Address4></Address4>
<Phone>+353 1 8905649</Phone>
<Email>parks@fingalcoco.ie</Email>
<Website></Website>
<Type>Multi Use Games Area</Type>
<Category>Neighbourhood</Category>
<Opening_Hours>November to January: 10.00am - 5.00pm February to March  10.00am - 6.00pm April    10.00am - 7.00pm   May    10.00am - 8.00pm June to August  10.00am  - 9.00pm September   10.00am - 8.00pm October    10.00am - 7.00pm</Opening_Hours>
<Directions>No information on website</Directions>
<Surface_Type>Rubber wet pour</Surface_Type>
<Comments>open</Comments>
<Accessible_Play_Items>None</Accessible_Play_Items>
<Disabled_Parking>No</Disabled_Parking>
<Park_Ranger>No ranger present</Park_Ranger>
<Toilets>No</Toilets>
<Disabled_Toilets>No</Disabled_Toilets>
<Baby_Changing>No</Baby_Changing>
<Seating>No</Seating>
<Drinking_Water>No</Drinking_Water>
<LAT>53.3966589993546</LAT>
<LONG>-6.13536533036876</LONG>
</Play_Areas>
<Play_Areas>
<Name>St. Anne's</Name>
<Address1>St. Anne's Square</Address1>
<Address2>Portmarnock</Address2>
<Address3>Dublin 15</Address3>
<Address4></Address4>
<Phone>+353 1 8905649</Phone>
<Email>parks@fingalcoco.ie</Email>
<Website></Website>
<Type>Playground</Type>
<Category>Neighbourhood</Category>
<Opening_Hours>November to January: 10.00am - 5.00pm February to March  10.00am - 6.00pm April    10.00am - 7.00pm   May    10.00am - 8.00pm June to August  10.00am  - 9.00pm September   10.00am - 8.00pm October    10.00am - 7.00pm</Opening_Hours>
<Directions>No information on website</Directions>
<Surface_Type>Rubber wet pour</Surface_Type>
<Comments>open</Comments>
<Accessible_Play_Items>None</Accessible_Play_Items>
<Disabled_Parking>No</Disabled_Parking>
<Park_Ranger>No ranger present</Park_Ranger>
<Toilets>No</Toilets>
<Disabled_Toilets>No</Disabled_Toilets>
<Baby_Changing>No</Baby_Changing>
<Seating>&lt;Null&gt;</Seating>
<Drinking_Water>No</Drinking_Water>
<LAT>53.4197168705224</LAT>
<LONG>-6.14141413939627</LONG>
</Play_Areas>
<Play_Areas>
<Name>St. Catherine's Estate</Name>
<Address1>St. Catherine's Avenue</Address1>
<Address2>Rush</Address2>
<Address3>Co. Dublin</Address3>
<Address4></Address4>
<Phone>+353 1 8905649</Phone>
<Email>parks@fingalcoco.ie</Email>
<Website></Website>
<Type>Playground</Type>
<Category>Neighbourhood</Category>
<Opening_Hours>November to January: 10.00am - 5.00pm February to March  10.00am - 6.00pm April    10.00am - 7.00pm   May    10.00am - 8.00pm June to August  10.00am  - 9.00pm September   10.00am - 8.00pm October    10.00am - 7.00pm</Opening_Hours>
<Directions>No information on website</Directions>
<Surface_Type>Rubber wet pour</Surface_Type>
<Comments>open</Comments>
<Accessible_Play_Items>None</Accessible_Play_Items>
<Disabled_Parking>Yes</Disabled_Parking>
<Park_Ranger>No ranger present</Park_Ranger>
<Toilets>No</Toilets>
<Disabled_Toilets>No</Disabled_Toilets>
<Baby_Changing>No</Baby_Changing>
<Seating></Seating>
<Drinking_Water>No</Drinking_Water>
<LAT>53.5345987555129</LAT>
<LONG>-6.09650969611779</LONG>
</Play_Areas>
<Play_Areas>
<Name>St. Catherine's Estate</Name>
<Address1>St. Catherine's Avenue</Address1>
<Address2>Rush</Address2>
<Address3>Co. Dublin</Address3>
<Address4></Address4>
<Phone>+353 1 8905649</Phone>
<Email>parks@fingalcoco.ie</Email>
<Website></Website>
<Type>Multi Use Games Area</Type>
<Category>Neighbourhood</Category>
<Opening_Hours>November to January: 10.00am - 5.00pm February to March  10.00am - 6.00pm April    10.00am - 7.00pm   May    10.00am - 8.00pm June to August  10.00am  - 9.00pm September   10.00am - 8.00pm October    10.00am - 7.00pm</Opening_Hours>
<Directions>No information on website</Directions>
<Surface_Type>Grass Matting</Surface_Type>
<Comments>open</Comments>
<Accessible_Play_Items>None</Accessible_Play_Items>
<Disabled_Parking>Yes</Disabled_Parking>
<Park_Ranger>No ranger present</Park_Ranger>
<Toilets>No</Toilets>
<Disabled_Toilets>No</Disabled_Toilets>
<Baby_Changing>No</Baby_Changing>
<Seating>No</Seating>
<Drinking_Water>No</Drinking_Water>
<LAT>53.5340823740402</LAT>
<LONG>-6.09645420155895</LONG>
</Play_Areas>
<Play_Areas>
<Name>Swords Town Park</Name>
<Address1>North Street</Address1>
<Address2>Swords</Address2>
<Address3>Co. Dublin</Address3>
<Address4></Address4>
<Phone>+353 1 8905649</Phone>
<Email>parks@fingalcoco.ie</Email>
<Website></Website>
<Type>Playground</Type>
<Category>Neighbourhood</Category>
<Opening_Hours>November to January: 10.00am - 5.00pm February to March  10.00am - 6.00pm April    10.00am - 7.00pm   May    10.00am - 8.00pm June to August  10.00am  - 9.00pm September   10.00am - 8.00pm October    10.00am - 7.00pm</Opening_Hours>
<Directions>No information on website</Directions>
<Surface_Type>Bark chip</Surface_Type>
<Comments>open</Comments>
<Accessible_Play_Items>Basket Swing</Accessible_Play_Items>
<Disabled_Parking>No</Disabled_Parking>
<Park_Ranger>No ranger present</Park_Ranger>
<Toilets>No</Toilets>
<Disabled_Toilets>No</Disabled_Toilets>
<Baby_Changing>No</Baby_Changing>
<Seating></Seating>
<Drinking_Water>No</Drinking_Water>
<LAT>53.4623900137778</LAT>
<LONG>-6.21963752736022</LONG>
</Play_Areas>
<Play_Areas>
<Name>Tyrrelstown</Name>
<Address1>Curragh Hall Green</Address1>
<Address2>Tyrrelstown</Address2>
<Address3>Dublin 15</Address3>
<Address4></Address4>
<Phone>+353 1 8905649</Phone>
<Email>parks@fingalcoco.ie</Email>
<Website></Website>
<Type>Playground</Type>
<Category>Local</Category>
<Opening_Hours>November to January: 10.00am - 5.00pm February to March  10.00am - 6.00pm April    10.00am - 7.00pm   May    10.00am - 8.00pm June to August  10.00am  - 9.00pm September   10.00am - 8.00pm October    10.00am - 7.00pm</Opening_Hours>
<Directions>No information on website</Directions>
<Surface_Type>Rubber wet pour</Surface_Type>
<Comments>open</Comments>
<Accessible_Play_Items>None</Accessible_Play_Items>
<Disabled_Parking>No</Disabled_Parking>
<Park_Ranger>No ranger present</Park_Ranger>
<Toilets>No</Toilets>
<Disabled_Toilets>No</Disabled_Toilets>
<Baby_Changing>No</Baby_Changing>
<Seating></Seating>
<Drinking_Water>No</Drinking_Water>
<LAT>53.4154076097305</LAT>
<LONG>-6.38767151868377</LONG>
</Play_Areas>
<Play_Areas>
<Name>Tyrrelstown</Name>
<Address1>French Park</Address1>
<Address2>Tyrrelstown</Address2>
<Address3>Dublin 15</Address3>
<Address4></Address4>
<Phone>+353 1 8905649</Phone>
<Email>parks@fingalcoco.ie</Email>
<Website></Website>
<Type>Playground</Type>
<Category>Local</Category>
<Opening_Hours>November to January: 10.00am - 5.00pm February to March  10.00am - 6.00pm April    10.00am - 7.00pm   May    10.00am - 8.00pm June to August  10.00am  - 9.00pm September   10.00am - 8.00pm October    10.00am - 7.00pm</Opening_Hours>
<Directions>No information on website</Directions>
<Surface_Type>Rubber wet pour</Surface_Type>
<Comments>public</Comments>
<Accessible_Play_Items>None</Accessible_Play_Items>
<Disabled_Parking>No</Disabled_Parking>
<Park_Ranger>No ranger present</Park_Ranger>
<Toilets>No</Toilets>
<Disabled_Toilets>No</Disabled_Toilets>
<Baby_Changing>No</Baby_Changing>
<Seating></Seating>
<Drinking_Water>No</Drinking_Water>
<LAT>53.4197539454383</LAT>
<LONG>-6.38696336354407</LONG>
</Play_Areas>
<Play_Areas>
<Name>Ward River Valley</Name>
<Address1>Ward River Valley Park</Address1>
<Address2>Swords</Address2>
<Address3>Co. Dublin</Address3>
<Address4></Address4>
<Phone>+353 1 8905649</Phone>
<Email>parks@fingalcoco.ie</Email>
<Website></Website>
<Type>Playground</Type>
<Category>Neighbourhood</Category>
<Opening_Hours>November to January: 10.00am - 5.00pm February to March  10.00am - 6.00pm April    10.00am - 7.00pm   May    10.00am - 8.00pm June to August  10.00am  - 9.00pm September   10.00am - 8.00pm October    10.00am - 7.00pm</Opening_Hours>
<Directions>No information on website</Directions>
<Surface_Type>Rubber wet pour</Surface_Type>
<Comments>Closed</Comments>
<Accessible_Play_Items>None</Accessible_Play_Items>
<Disabled_Parking>No</Disabled_Parking>
<Park_Ranger>Ranger present</Park_Ranger>
<Toilets>No</Toilets>
<Disabled_Toilets>No</Disabled_Toilets>
<Baby_Changing>No</Baby_Changing>
<Seating></Seating>
<Drinking_Water>No</Drinking_Water>
<LAT>53.4572451129528</LAT>
<LONG>-6.24169847923239</LONG>
</Play_Areas>
<Play_Areas>
<Name>Waterville Tolka Valley</Name>
<Address1>Waterville Road</Address1>
<Address2>Waterville</Address2>
<Address3>Dublin 15</Address3>
<Address4></Address4>
<Phone>+353 1 8905649</Phone>
<Email>parks@fingalcoco.ie</Email>
<Website></Website>
<Type>Playground</Type>
<Category>Local</Category>
<Opening_Hours>November to January: 10.00am - 5.00pm February to March  10.00am - 6.00pm April    10.00am - 7.00pm   May    10.00am - 8.00pm June to August  10.00am  - 9.00pm September   10.00am - 8.00pm October    10.00am - 7.00pm</Opening_Hours>
<Directions>No information on website</Directions>
<Surface_Type>Rubber wet pour</Surface_Type>
<Comments>subject to park opening hours</Comments>
<Accessible_Play_Items>None</Accessible_Play_Items>
<Disabled_Parking>No</Disabled_Parking>
<Park_Ranger>Ranger present</Park_Ranger>
<Toilets>No</Toilets>
<Disabled_Toilets>No</Disabled_Toilets>
<Baby_Changing>No</Baby_Changing>
<Seating>Yes</Seating>
<Drinking_Water>No</Drinking_Water>
<LAT>53.39145598574</LAT>
<LONG>-6.37462013721706</LONG>
</Play_Areas>
<Play_Areas>
<Name>Whitestown</Name>
<Address1>Whitestown Avenue</Address1>
<Address2>Whitestown</Address2>
<Address3>Dublin 15</Address3>
<Address4></Address4>
<Phone>+353 1 8905649</Phone>
<Email>parks@fingalcoco.ie</Email>
<Website></Website>
<Type>Multi Use Games Area</Type>
<Category>Local</Category>
<Opening_Hours>November to January: 10.00am - 5.00pm February to March  10.00am - 6.00pm April    10.00am - 7.00pm   May    10.00am - 8.00pm June to August  10.00am  - 9.00pm September   10.00am - 8.00pm October    10.00am - 7.00pm</Opening_Hours>
<Directions>No information on website</Directions>
<Surface_Type>Grass Matting</Surface_Type>
<Comments>open</Comments>
<Accessible_Play_Items>None</Accessible_Play_Items>
<Disabled_Parking>No</Disabled_Parking>
<Park_Ranger>No ranger present</Park_Ranger>
<Toilets>No</Toilets>
<Disabled_Toilets>No</Disabled_Toilets>
<Baby_Changing>No</Baby_Changing>
<Seating>No</Seating>
<Drinking_Water>No</Drinking_Water>
<LAT>53.3983039065142</LAT>
<LONG>-6.39787521779146</LONG>
</Play_Areas>
<Play_Areas>
<Name>Waterside</Name>
<Address1>Waterside Park</Address1>
<Address2>Waterside</Address2>
<Address3>Swords</Address3>
<Address4>Co. Dublin</Address4>
<Phone>+353 1 8905649</Phone>
<Email>parks@fingalcoco.ie</Email>
<Website></Website>
<Type>Playground</Type>
<Category>Local</Category>
<Opening_Hours>November to January: 10.00am - 5.00pm February to March  10.00am - 6.00pm April    10.00am - 7.00pm   May    10.00am - 8.00pm June to August  10.00am  - 9.00pm September   10.00am - 8.00pm October    10.00am - 7.00pm</Opening_Hours>
<Directions>No information on website</Directions>
<Surface_Type>Rubber wet pour</Surface_Type>
<Comments>open</Comments>
<Accessible_Play_Items>None</Accessible_Play_Items>
<Disabled_Parking>No</Disabled_Parking>
<Park_Ranger>No ranger present</Park_Ranger>
<Toilets>No</Toilets>
<Disabled_Toilets>No</Disabled_Toilets>
<Baby_Changing>No</Baby_Changing>
<Seating></Seating>
<Drinking_Water>No</Drinking_Water>
<LAT>53.4502077800383</LAT>
<LONG>-6.2009000295686</LONG>
</Play_Areas>
<Play_Areas>
<Name>Millennium Park</Name>
<Address1>Snugborough Road Extension</Address1>
<Address2>Blanchardstown</Address2>
<Address3>Dublin 15</Address3>
<Address4></Address4>
<Phone>+353 1 8905649</Phone>
<Email>parks@fingalcoco.ie</Email>
<Website></Website>
<Type>Multi Use Games Area</Type>
<Category>Regional</Category>
<Opening_Hours>November to January: 10.00am - 5.00pm February to March  10.00am - 6.00pm April    10.00am - 7.00pm   May    10.00am - 8.00pm June to August  10.00am  - 9.00pm September   10.00am - 8.00pm October    10.00am - 7.00pm</Opening_Hours>
<Directions>No information on website</Directions>
<Surface_Type>Grass Matting</Surface_Type>
<Comments>subject to park opening hours</Comments>
<Accessible_Play_Items>None</Accessible_Play_Items>
<Disabled_Parking>Yes</Disabled_Parking>
<Park_Ranger>Ranger present</Park_Ranger>
<Toilets>Yes</Toilets>
<Disabled_Toilets>Yes</Disabled_Toilets>
<Baby_Changing>Yes</Baby_Changing>
<Seating>No</Seating>
<Drinking_Water></Drinking_Water>
<LAT>53.3890276065255</LAT>
<LONG>-6.40006963044257</LONG>
</Play_Areas>
<Play_Areas>
<Name>Beechpark</Name>
<Address1>Clonsilla</Address1>
<Address2>Dublin 15</Address2>
<Address3></Address3>
<Address4></Address4>
<Phone>+353 1 8905649</Phone>
<Email>parks@fingalcoco.ie</Email>
<Website></Website>
<Type>Outdoor Exercise Equipment</Type>
<Category>Neighbourhood</Category>
<Opening_Hours>November to January: 10.00am - 5.00pm February to March  10.00am - 6.00pm April    10.00am - 7.00pm   May    10.00am - 8.00pm June to August  10.00am  - 9.00pm September   10.00am - 8.00pm October    10.00am - 7.00pm</Opening_Hours>
<Directions>No information on website</Directions>
<Surface_Type>Bark chip</Surface_Type>
<Comments>public</Comments>
<Accessible_Play_Items>Basket Swing</Accessible_Play_Items>
<Disabled_Parking>Yes</Disabled_Parking>
<Park_Ranger>Ranger present</Park_Ranger>
<Toilets>No</Toilets>
<Disabled_Toilets>No</Disabled_Toilets>
<Baby_Changing>No</Baby_Changing>
<Seating>No</Seating>
<Drinking_Water>No</Drinking_Water>
<LAT>53.3814335848942</LAT>
<LONG>-6.42455939343243</LONG>
</Play_Areas>
<Play_Areas>
<Name>Waterville Tolka Valley</Name>
<Address1>Waterville Road</Address1>
<Address2>Waterville</Address2>
<Address3>Dublin 15</Address3>
<Address4></Address4>
<Phone>+353 1 8905649</Phone>
<Email>parks@fingalcoco.ie</Email>
<Website></Website>
<Type>Outdoor Exercise Equipment</Type>
<Category>Local</Category>
<Opening_Hours>November to January: 10.00am - 5.00pm February to March  10.00am - 6.00pm April    10.00am - 7.00pm   May    10.00am - 8.00pm June to August  10.00am  - 9.00pm September   10.00am - 8.00pm October    10.00am - 7.00pm</Opening_Hours>
<Directions>No information on website</Directions>
<Surface_Type>Rubber wet pour</Surface_Type>
<Comments>subject to park opening hours</Comments>
<Accessible_Play_Items>None</Accessible_Play_Items>
<Disabled_Parking>No</Disabled_Parking>
<Park_Ranger>Ranger present</Park_Ranger>
<Toilets>No</Toilets>
<Disabled_Toilets>No</Disabled_Toilets>
<Baby_Changing>No</Baby_Changing>
<Seating>No</Seating>
<Drinking_Water>No</Drinking_Water>
<LAT>53.3912828073259</LAT>
<LONG>-6.37142735213712</LONG>
</Play_Areas>
</Play_Areas-table>
</xml-tables>